Название,Цена
Диван прямой Слипсон Velvet Milk,59990
Диван прямой Спейс Velvet Olive,66990
Диван прямой Нумо Мини Textile Light,26990
Диван прямой Клаймар Velvet Terra,59990
Диван прямой Льери Мини Velvet Yellow,64990
Диван прямой Нумо Velvet Green,38990
Диван прямой Лилт Bucle Lilac,82990
Диван прямой Эби Velvet Coral,66990
Диван прямой Виена Velvet Smoke,59990
Диван модульный Риббл-1 Bucle Mint,78980
Диван угловой Аллаум Linia Stone,54990
Диван прямой Ларонсо Soft Blue,94990
Диван прямой Сваут Velvet Mustard,66990
Диван прямой Тилар Cozy Milk,31990
Диван прямой Бонс-Т Velvet Emerald,46990
Диван прямой Инес Vertical Blue,46990
Диван угловой Дарол Velvet Silver,67990
Диван угловой Нордика мини Velvet Coral,59990
Диван прямой Бонент Velvet Eclipse,79990
Диван угловой Эдвин Velvet Terra,72990
Диван прямой Эби Мини Linia Mint,58990
Диван прямой Роттердам Velvet Yellow,27990
Диван прямой Бруквиль Velvet Blue,53990
Диван модульный Brera-7 Velour Mix,178970
Диван прямой Слипсон Мини Linia Stone,46990
Диван угловой Аронт Мини Velvet Pink,59990
Диван угловой Динс Velvet Navy Blue,64990
Диван прямой Кейсес Velvet Grey,26990
Диван прямой Линс Velvet Navy Blue,34990
Диван прямой Стаус Velvet Caramel,32990
Диван прямой Види Textile Ocean,25990
Диван прямой Виенсо Bucle Sand,79990
Диван прямой Лави Velvet Yellow,44990
Диван прямой Риен Velvet Smoke,58990
Диван угловой Мисл-1 Barhat Marsala,109990
Диван угловой Вильен мини Velvet Terra,62990
Диван прямой Пайпел Bucle Grafit,58990
Диван прямой Мейлон Velvet Beige,52990
Кушетка Кото Cozy Ivory,46990
Диван прямой Марей Soft Grey,94990
Диван прямой Сорен Textile Yellow,69990
Диван прямой Лачи Velvet Yellow,34990
Диван прямой Данста Velvet Light,68990
Диван угловой Шера Velvet Olive,119990
Диван прямой Викс Textile Grafit,24990
Диван прямой Нумо Velvet Grey,38990
Диван прямой Хевит Velvet Eclipse,42990
Диван прямой Лачи Velvet Silver,34990
